{"cameraMode":{"drawMode":0,"name":"Shaded","section":"Shading Mode"},"sceneLighting":true,"audioPlay":false,"sceneViewState":{"m_AlwaysRefresh":false,"showFog":true,"showSkybox":true,"showFlares":true,"showImageEffects":true,"showParticleSystems":true,"showVisualEffectGraphs":true,"m_FxEnabled":true},"in2DMode":false,"pivot":{"x":-0.17771393060684205,"y":0.8538305759429932,"z":0.8183518648147583},"rotation":{"x":-0.309303343296051,"y":-0.05359240993857384,"z":0.017492638900876046,"w":-0.949225127696991},"size":0.12492973357439041,"orthographic":false}