{"cameraMode":{"drawMode":0,"name":"Shaded","section":"Shading Mode"},"sceneLighting":true,"audioPlay":false,"sceneViewState":{"m_AlwaysRefresh":false,"showFog":true,"showSkybox":true,"showFlares":true,"showImageEffects":true,"showParticleSystems":true,"showVisualEffectGraphs":true,"m_FxEnabled":true},"in2DMode":false,"pivot":{"x":0.20224006474018098,"y":0.9525240659713745,"z":1.0604960918426514},"rotation":{"x":-0.1368524581193924,"y":-0.17525261640548707,"z":0.024608884006738664,"w":-0.9746506810188294},"size":0.3507653772830963,"orthographic":false}