{"cameraMode":{"drawMode":0,"name":"Shaded","section":"Shading Mode"},"sceneLighting":true,"audioPlay":false,"sceneViewState":{"m_AlwaysRefresh":false,"showFog":true,"showSkybox":true,"showFlares":true,"showImageEffects":true,"showParticleSystems":true,"showVisualEffectGraphs":true,"m_FxEnabled":true},"in2DMode":false,"pivot":{"x":0.014386996626853943,"y":0.9580408334732056,"z":1.0239745378494263},"rotation":{"x":-0.00299878534860909,"y":0.02908860146999359,"z":-0.00008884226554073393,"w":-0.9995587468147278},"size":0.4632648527622223,"orthographic":true}