{"cameraMode":{"drawMode":0,"name":"Shaded","section":"Shading Mode"},"sceneLighting":true,"audioPlay":false,"sceneViewState":{"m_AlwaysRefresh":false,"showFog":true,"showSkybox":true,"showFlares":true,"showImageEffects":true,"showParticleSystems":true,"showVisualEffectGraphs":true,"m_FxEnabled":true},"in2DMode":false,"pivot":{"x":0.31278690695762637,"y":0.958043098449707,"z":0.927217960357666},"rotation":{"x":-0.044969912618398669,"y":0.34820839762687685,"z":-0.016729865223169328,"w":-0.936172366142273},"size":0.35974863171577456,"orthographic":true}