{"cameraMode":{"drawMode":0,"name":"Shaded","section":"Shading Mode"},"sceneLighting":true,"audioPlay":false,"sceneViewState":{"m_AlwaysRefresh":false,"showFog":true,"showSkybox":true,"showFlares":true,"showImageEffects":true,"showParticleSystems":true,"showVisualEffectGraphs":true,"m_FxEnabled":true},"in2DMode":false,"pivot":{"x":-0.06721387803554535,"y":1.025657057762146,"z":1.119685411453247},"rotation":{"x":-0.0853755921125412,"y":0.021509716287255288,"z":-0.0018421371933072806,"w":-0.9961100816726685},"size":0.3388839066028595,"orthographic":false}