{"cameraMode":{"drawMode":0,"name":"Shaded","section":"Shading Mode"},"sceneLighting":true,"audioPlay":false,"sceneViewState":{"m_AlwaysRefresh":false,"showFog":true,"showSkybox":true,"showFlares":true,"showImageEffects":true,"showParticleSystems":true,"showVisualEffectGraphs":true,"m_FxEnabled":true},"in2DMode":false,"pivot":{"x":0.30289778113365176,"y":1.0448875427246094,"z":1.2581441402435303},"rotation":{"x":-0.14785322546958924,"y":-0.03648290038108826,"z":-0.005459034349769354,"w":0.9883177280426025},"size":0.30174094438552859,"orthographic":true}