{"cameraMode":{"drawMode":0,"name":"Shaded","section":"Shading Mode"},"sceneLighting":true,"audioPlay":false,"sceneViewState":{"m_AlwaysRefresh":false,"showFog":true,"showSkybox":true,"showFlares":true,"showImageEffects":true,"showParticleSystems":true,"showVisualEffectGraphs":true,"m_FxEnabled":true},"in2DMode":false,"pivot":{"x":-0.49337998032569888,"y":0.9261535406112671,"z":0.7331330180168152},"rotation":{"x":-0.03256480023264885,"y":-0.15913072228431703,"z":0.005295115523040295,"w":-0.9866500496864319},"size":0.12492973357439041,"orthographic":false}