{"cameraMode":{"drawMode":0,"name":"Shaded","section":"Shading Mode"},"sceneLighting":true,"audioPlay":false,"sceneViewState":{"m_AlwaysRefresh":false,"showFog":true,"showSkybox":true,"showFlares":true,"showImageEffects":true,"showParticleSystems":true,"showVisualEffectGraphs":true,"m_FxEnabled":true},"in2DMode":false,"pivot":{"x":0.09210775047540665,"y":1.020126461982727,"z":1.107155442237854},"rotation":{"x":-0.08950692415237427,"y":-0.09041665494441986,"z":0.008160969242453576,"w":-0.9918358325958252},"size":0.3791818916797638,"orthographic":false}