{"cameraMode":{"drawMode":0,"name":"Shaded","section":"Shading Mode"},"sceneLighting":true,"audioPlay":false,"sceneViewState":{"m_AlwaysRefresh":false,"showFog":true,"showSkybox":true,"showFlares":true,"showImageEffects":true,"showParticleSystems":true,"showVisualEffectGraphs":true,"m_FxEnabled":true},"in2DMode":false,"pivot":{"x":0.3234924077987671,"y":0.8156847953796387,"z":1.2034361362457276},"rotation":{"x":0.1741119772195816,"y":-0.6656715273857117,"z":0.1639505922794342,"w":0.7068522572517395},"size":0.30261656641960146,"orthographic":true}