{"cameraMode":{"drawMode":0,"name":"Shaded","section":"Shading Mode"},"sceneLighting":true,"audioPlay":false,"sceneViewState":{"m_AlwaysRefresh":false,"showFog":true,"showSkybox":true,"showFlares":true,"showImageEffects":true,"showParticleSystems":true,"showVisualEffectGraphs":true,"m_FxEnabled":true},"in2DMode":false,"pivot":{"x":-0.1387578397989273,"y":0.9378519058227539,"z":1.2052576541900635},"rotation":{"x":0.058448392897844318,"y":0.024555152282118799,"z":-0.0014458246296271682,"w":0.9979745745658875},"size":0.38875776529312136,"orthographic":true}