{"cameraMode":{"drawMode":0,"name":"Shaded","section":"Shading Mode"},"sceneLighting":true,"audioPlay":false,"sceneViewState":{"m_AlwaysRefresh":false,"showFog":true,"showSkybox":true,"showFlares":true,"showImageEffects":true,"showParticleSystems":true,"showVisualEffectGraphs":true,"m_FxEnabled":true},"in2DMode":false,"pivot":{"x":-0.11867428570985794,"y":1.0405712127685547,"z":0.8505007028579712},"rotation":{"x":0.07828378677368164,"y":-0.16756640374660493,"z":-0.013333180919289589,"w":-0.9825968146324158},"size":0.12492973357439041,"orthographic":false}