{"cameraMode":{"drawMode":0,"name":"Shaded","section":"Shading Mode"},"sceneLighting":true,"audioPlay":false,"sceneViewState":{"m_AlwaysRefresh":false,"showFog":true,"showSkybox":true,"showFlares":true,"showImageEffects":true,"showParticleSystems":true,"showVisualEffectGraphs":true,"m_FxEnabled":true},"in2DMode":false,"pivot":{"x":-0.0694495290517807,"y":0.7478798031806946,"z":1.4290632009506226},"rotation":{"x":-0.13607001304626466,"y":0.00950160063803196,"z":-0.0013036259915679694,"w":-0.990652322769165},"size":0.5835740566253662,"orthographic":false}